name,date_joined
Lonny Schmeler,2020-09-01
Jewell Corkery,2020-09-16
Julio Durgan,2020-08-25
Gilberte Herman DC,2020-08-11
Judi Blick,2020-08-02
Rev. Curt Gulgowski,2020-08-30
Marion Mraz,2020-09-15
Donn Roberts,2020-08-21
Doris Huel,2020-08-28
Mr. Ninfa Lemke,2020-08-07
Genaro Wolff,2020-09-15
Dale Bailey,2020-08-29
Fran Strosin,2020-08-07
Wonda O'Reilly,2020-09-20
Wade Brekke Ret.,2020-08-13
Sen. Merrill Satterfield,2020-08-14
Rev. Tawana Wisoky,2020-08-20
Mariko Corkery,2020-09-21
Roma Hammes,2020-08-21
Manual Will,2020-09-13
Duane Swift,2020-08-26
Sen. Ruthie Robel,2020-08-31
Yelena Murazik,2020-08-20
Clair Swaniawski,2020-08-20
Dr. Belva Walsh,2020-08-11
