category,title,creator,publication_year,description
movie,Thanksgiving Extract,Pauline Bahringer,1973,In aliquam ab perspiciatis.
book,Seattle Cake,Johnetta Witting,1957,Accusamus deserunt qui autem.
movie,Blue Blend,Rev. Jamal Mitchell,1921,Occaecati odio doloribus eos.
movie,KrebStar Town,Pres. Philip Ratke,1927,Error commodi quo dicta.
movie,Postmodern America,Miss Raphael Hessel,1998,Eaque ipsa culpa sint.
movie,The Captain's Equinox,Whitney Hintz JD,1930,Consequatur id nulla quia.
album,Green Solstice,Karren Gleason,1943,Blanditiis iste voluptatum aut.
movie,Thanksgiving Solstice,Rose Will,1946,Labore nobis amet eius.
movie,Pumpkin-spice Extract,Brent Conn,1984,Non dolorem sit quibusdam.
album,Heart Extract,Man Emmerich,1979,Maxime quisquam alias ut.
movie,Captain's Been,Ms. Maragret Bednar,1989,Voluptates enim quis minus.
book,Summer Equinox,Stanton Harber,1991,Magnam et atque dignissimos.
movie,Postmodern Star,Arthur Nikolaus II,1930,Laborum iusto et iste.
book,Seattle Light,Ernestina Haley,1999,Voluptas consequatur inventore dolores.
book,Major Town,Saul Zboncak,1976,Commodi molestias magni qui.
movie,Express Breaker,Mrs. Dominga Stehr,1924,Dolor mollitia nihil est.
album,American Treat,Juliette Hodkiewicz,2020,Occaecati vel perferendis qui.
book,The Blend,Enrique Kassulke,1997,Sit ad in consequatur.
movie,Express Breaker,Christen Dooley PhD,1949,Eum odio ab tempore.
book,Blue Coffee,King Hamill,1952,Harum autem velit architecto.
album,Split Coffee,Rosalinda Towne,1952,Sunt quas neque sed.
movie,Veranda Select,Ashton Kunze,1924,Eos minus quidem debitis.
album,American Utopia,Keitha Koepp,2004,Culpa unde quam ipsa.
book,Cascara Nuts,Columbus Cole,1944,Voluptatem ducimus fugit ullam.
book,Goodbye Mug,Burma Ritchie Jr.,2003,Repudiandae quia enim quam.
